期別,本月專題,摘要,檔案格式,檔案連結
第56卷第2期,思辨的科學實作,總召集人的話、本月專題：思辨的科學實作、國際青年學生物理辯論競賽在臺灣、透過研究實作養成科學邏輯能力—指導IYPT我國代表選手經驗分享、指導中文物理辯論賽之經驗—談科學探索與實作、指導中學生參與國際青年物理辯論競賽—之經驗?從場地設施需求談起、指導中學生參與國際青年物理辯論競賽之經驗?談實作指導過程、指導中學生參與國際青年物理辯論競賽之經驗?談實作教學成、森棚教官的數學題：暗戀的畢業照、教學現場：創意玩具自己做?磁力玩具大進擊、科學話題：前進巴布亞伊利安—華萊士線以東的生物世界、科學讀書會：《50則非知不可的化學概念》,Adobe Flash Player,http://www.ntsec.gov.tw/User/Article.aspx?a=3377
第56卷第1期,科普環島列車與科普週／日,總召集人的話、本月專題：科普環島列車　全臺遍地開花、科普列車?跨域合作的典範經驗、由下而上科普活動推廣一起推動「臺灣科學日」、光學探究與實作?臺灣科普環島列車雲林站、廟口旁的科學教育?科普列車到嘉義、反思與回饋?「臺灣科普環島列車」屏東站活動、列車迴向東海岸?臺東站與關山站、科普環島列車?即時上傳的解決方案(、教學現場：與親子一起飛?手擲機活動、森棚教官的數學題：立方費瑪數、科學話題：日本沖繩地質生態之旅（三）?愛情島的心型礁石成、科學讀書會：替未來尋找一顆星：來自科展的故事,Adobe Flash Player,http://www.ntsec.gov.tw/User/Article.aspx?a=3372
第55卷第12期,聽DNA和RNA的對話,總召集人的話、本月專題：聽DNA和RNA的對話、世紀關鍵分子：DNA與RNA、消失的信息RNA 鄭承平、李政怡、iGEM 金牌之路、藍色圓圈的約定、特別報導：課室外的跨域學習－從2016年青少年跨域整合人才培育計畫談起（下）、科學話題：日本沖繩地質生態之旅（二）：玉泉洞地下博物館、森棚教官的數學題：八隻青蛙游森棚、科學讀書會：《單位知識王：108個你從未想過的單位之謎》、第55卷目錄彙編,Adobe Flash Player,http://www.ntsec.gov.tw/User/Article.aspx?a=3364
第55卷第11期,科教館60週年館慶特刊 傳承?創新?科學教育,總召集人的話、總論：中小學科學教育推展的挑戰與機會、科學教育之發展與反思─從萌芽期、蓬勃期、挑戰期談起、制式科學教育發展：制式科學教育的發展與省思、從自然科學課程發展脈絡　看新課程的挑戰、科學領域的課程、教學與學習、超越紙筆之外─談科學教育之評量、面對教育改革的教師專業精進、非制式科學教育躍進：用非制式科學教育喚起民眾對於科學之海的渴望、從科普閱讀談科學素養、科學教育傳播新想法、科展競賽在我國科學教育所扮演的角色、博物館推動科學教育之創新作為─以科教館為例、創新與展望：從一甲子看百年─創新與展望、新時代教學的創新之道、行動網路世代的科學傳播─培養跨域整合的學習力、從尼安德塔人到機器智慧、科技在資訊教育的應用與發展,Adobe Flash Player,http://www.ntsec.gov.tw/User/Article.aspx?a=3333
第55卷第10期,科學新聞判讀力,總召集人的話、本月專題：科學新聞判讀力是全民科學素養的指標、正確判讀科學新聞　享受閱讀科學樂趣、科學新聞難道不能好吃好玩又有營養嗎？ 、：嚇死我了─這些究竟能不能吃？ 、科學閱讀的素養表現、教學現場：為MAKER出聲—結合傳統與數位的自造課程、特別報導：課室外的跨域學習－從2016年青少年跨域整合人才培育計畫談起（上）(、科學話題：日本沖繩地質生態之旅（一）：「潛水看鯨鯊」背後的二、三事 、森棚教官的數學題：三角形分三片、科學讀書會：《數理化通俗演義 (上) (下)【修訂新版】》,Adobe Flash Player,http://www.ntsec.gov.tw/User/Article.aspx?a=3257
第55卷第9期,氣象老先覺,總召集人的話、本月專題：氣象前輩足跡　後進最好路標、學術、氣象、航太、研發四棲的領導者─蔡清彥、動盪年代中堅持科學夢─王斌、「熱血壞學生」的科學路─張智北、致力臺灣梅雨研究四十載─陳泰然、從無線電探測大氣到奠基永續─劉兆漢、科展特別報導：大學長V.S小後學—中研院廖俊智院長等傑出學者與中小學科展首獎同學的對話、教學現場：科學創意教學活動：搖擺重心玩具、森棚教官的數學題：六邊形對抗賽、科學話題：臺灣生物多樣性中的「猴、科學讀書會：《植物比你想的更聰明：植物智能的探索之旅》,Adobe Flash Player,http://www.ntsec.gov.tw/User/Article.aspx?a=3234
第55卷第8期,生態復育與學校課程 ,總召集人的話、本月專題：生態復育與學校課程、淡水濕地魚類的消長、臺北市中正高中探究與實作課程─戀戀火金姑、校園生態工法設計與課程結合的新思維、桃園陂塘水生植物的復育─以楊梅高榮濕地為例、嵩山社區的梯田復育與農村活化之路、教學現場：心智圖法在曲軸機構設計的創意教學應用、科學話題：詩詞中的蛙、科學讀書會：《謠言粉碎機：謠聲一變，別被流言嚇傻了！》、科教館GO好玩：一起來當MAKER吧！─寫在「自造X教育週」活動之後(、森棚教官的數學題：等差好朋友,Adobe Flash Player,http://www.ntsec.gov.tw/User/Article.aspx?a=3233
第55卷第7期,我家也是牠家(下),總召集人的話、本月專題：〈我家也是牠家（下）〉、〈床上的吸血鬼—臭蟲〉、〈螞蟻—你家的小小房客〉、〈誤入都市叢林的白蟻〉、〈網路高手—蜘蛛〉、教學現場：〈化學學習新體驗：3D分子博覽會〉、教學現場：〈STEAM取向的小學科技教學活動設計與實施─以跑跑平衡車為例〉、科展指導來時路：〈科學探究之美〉、科展特別報導：〈第56屆全國科展7月登場 桃園市力推「科普文化」〉、科教館GO好玩：〈2016三大國際科展獲獎率逾9成 臺灣囝仔好樣的！〉、森棚教官的數學題：〈亂轉彎的士兵〉、科學讀書會：《鏽：自然與金屬間無止盡的角力》,Adobe Flash Player,http://www.ntsec.gov.tw/User/Article.aspx?a=3232
第55卷第6期,我家也是牠家(上),總召集人的話、本月專題：我家也是牠家（上）、「蚊」鳴的開始、「蠅」在起跑點—漫談家居蠅類、住家蟑螂為患、蚤—吸血性的無翅跳躍高手、教學現場：中學生常見的比例迷思概念、森棚教官的數學題：考倒老師、科學話題：從天空看0206美濃地震地表變形、科學讀書會：料理科學：大廚說不出的美味祕密，150個最有趣的烹飪現象與原理、科教館GO好玩：與科學相遇的最初感動—105年科教館暑期營隊,Adobe Flash Player,http://www.ntsec.gov.tw/User/Article.aspx?a=3231
第55卷第5期,特別專輯—Maker教育進行式,總召集人的話、Maker教育進行式、以課程專題實踐學科Maker教育、自造日新　日新智造—校長領導與Maker教育發展歷程分享、高雄師大自造基地的動力革命、Maker教育—創新發明我也行、投身行政機關　成為Maker教育推手、初探我的兩岸創客教育歷程、大陸3D列印教育心得與兩岸比較,Adobe Flash Player,http://www.ntsec.gov.tw/User/Article.aspx?a=3151
第55卷第4期,藥物化學,總召集人的話、本月專題：藥物與化學、抗瘧疾代表性新藥劑-青蒿素、來自深山的抗癌解答－紫杉醇、麻木如醉—麻醉劑的作用與風險、布洛芬—與阿斯匹靈齊名的止痛藥、教學現場：透過ARCS理論提高學習動機的STEM教學設計-生活科技的平衡鳥單、載流導線和磁場交互作用的教具製作與使用、科學話題：臺灣中部地景四驚奇、森棚教官的數學題：一直乘以二游森棚、科學讀書會：《地板下的原子：從廚房到客廳，從洗衣服、揉麵糰到書架上的灰塵，日常生活裡的71個物理不思議》、科教館GO好玩：“Make”your own life：第一屆自造×教育週活動,Adobe Flash Player,http://www.ntsec.gov.tw/User/Article.aspx?a=3137
第55卷第3期,數學的展演,總召集人的話、本月專題：看見數學之美、數學在實與虛的博物館、超越無限‧數學印象、曲面藝數師─Surfer 、「立面化」與「連接孔」結構─【多面體花園】模型製作、數學串珠─繽紛多彩的奈米結構與幾何、教學現場：Arduino在地科教學現場的應用─以氣壓與溫度垂直方向的變化為例、科學話題：前進婆羅洲系列之六─紅毛猩猩的動物收容、森棚教官的數學題：打結的五角星、科學讀書會：玩出創意4：55個玩悅科學實驗、科教館GO好玩：探索‧體驗‧玩科學2016臺灣國際科學展覽會,Adobe Flash Player,http://www.ntsec.gov.tw/User/Article.aspx?a=3120
第55卷第2期,科學探究與實作,總召集人的話、本月專題：探究是實事求是的第一步！、科學探究的教學與評量專題課程探究—臺北市立麗山高中的經驗、教育現場為什麼需要探究與實作課程教師社群開發探究與實作課程的經驗分享、教學現場：ARCS動機理論在國小機器人教學活動設計的應用、森棚教官的數學題：設計標靶、科學話題：前進婆羅洲系列之五─海洋保護區下的海龜保育、科學讀書會：用對腦，從此不再怕數字：學會如何學習，以及如何創意思考，解決（幾乎）所有的問題、科教館GO好玩：「自造我們的科學時代─1960-1990臺大近代物理學生實驗室的故事」特展介紹,Adobe Flash Player,http://www.ntsec.gov.tw/User/Article.aspx?a=3104
第55卷第1期,學校MAKER教育,總召集人的話、本月專題：自造教育帶來的新契機、校園Maker實作與推行、用Maker教育—讓國中生「想學用心玩」、翻轉高中課程的Maker教育—臺北市立大同高中的做法、我從技職教育看Maker 、創客家庭養成、教學現場：簡易水力發電機、森棚教官的數學題：翻來覆去、科學話題：前進婆羅洲系列之四—大王花的棲地保護、科學讀書會：《哆拉A夢科學任意門3：動植物放大鏡》、科教館GO好玩：科教館「『愛』迪生出發」公益學習計畫參訪活動紀實,Adobe Flash Player,http://www.ntsec.gov.tw/User/Article.aspx?a=3090
第54卷第12期,聚合物,本月專題-與人們生活 常相伴的高分子本月專題-變化多端的苯乙烯-丁二烯共聚物,Adobe Flash Player,http://www.ntsec.gov.tw/User/Article.aspx?a=3069
第54卷第11期,博物館學習,本月專題-高分子掀綠色浪潮本月專題-導電塑膠本月專題-彩幻珠實驗-認識高吸水性聚合物本月專題-縮小術看招-將保麗龍變成捏塑黏土教學現場-走進筆的奇妙世界-科教館科學營隊的發想森棚教官的數學題-還原現場科學讀書會-飛機上的驚奇科學課：從機場、機艙到機窗外，航空旅途中的103個科學疑問全解答科教館GO好玩-美國科學與科技中心協會2015年會見聞,Adobe Flash Player,http://www.ntsec.gov.tw/User/Article.aspx?a=3059
第54卷第10期,行動科技融入科學課程,本月專題- 行動科技融入科學教學本月專題-另類翻轉教室—創造擴增實境的學習環境本月專題-地理擴增實境應用於生物多樣性教學本月專題-丟!─擴增實境技術融入物理拋體運動教學本月專題-翻轉教學與行動科技的相遇─擴增實境技術在DNA教學的應用本月專題-自製有機分子擴增實境本月專題-天球帶著走!─擴增實境技術融入地球科學恆星視運動教學利用手機測量讓測量變得更機動有效的科學探究活動教學現場-餐廳帳單中的數學森棚教官的數學題-0101科學話題-臺11線地質「慢」旅行—嶺頂到芭崎科學讀書會-《跟TED學表達，讓世界記住你：用更有說服力的方式行銷你和你的構想》科教館GO好玩-無所不在的半導體：半導體零極限展,Adobe Flash Player,http://www.ntsec.gov.tw/User/Article.aspx?a=3049
第54卷第9期,2015國際光之年(下)-科技發展篇,本月專題-2015國際光之年(下)—科技發展篇本月專題-生活中常見的光電半導體本月專題-試看紅塵的深度：漫談3D立體顯示器的發展本月專題-一沙一世界：顯微鏡下的景色本月專題-重要光學科技發展與科學家介紹（下）—現代篇教學現場-圖學在機械蟲製作活動之應用教學現場-化學尋寶：未知溶液的鑑定森棚教官的數學題-雪球大戰科學話題-「前進科摩多島」系列之三—氣候變遷下的世界遺產科學讀書會-2050科幻大成真：超能力、心智控制、人造記憶、遺忘藥丸、奈米機器人，即將改變我們的世界科教館GO好玩-「Science+你，藝起玩科學！」─科教館60周年館慶衍生商品設計競賽,Adobe Flash Player,http://www.ntsec.gov.tw/User/Article.aspx?a=3040
第54卷第8期,2015國際光之年(上)—基礎科學篇,本月專題-2015國際光之年(上)—基礎科學篇本月專題-光與折射率的奧秘本月專題-臺灣流星觀測網的建置與研究構想本月專題-光學DIY探究教學：以魔法光學DIY引導探究光學現象和其諸多妙用本月專題-重要光學科技發展與科學家介紹(1/2)-古近代篇教學現場-經驗學習理論在國小科技創造力教學的應用教學現場-由新聞看數學—等比數列的厲害森棚教官的數學題-尾巴再現科學話題-前進科摩多島系列之二─珊瑚礁的美麗與哀愁科學讀書會-你沒聽過的邏輯課：探索魔術、博奕、運動賽事背後的法則科教館GO好玩-寓教於樂的科教館公共空間與主題商場,Adobe Flash Player,http://www.ntsec.gov.tw/User/Article.aspx?a=3034
第54卷第7期,2015國際土壤年(下),本月專題-土壤與糧食生產本月專題-土壤與環境生態本月專題-土壤與水、空氣和熱之調節本月專題-土壤淨化和緩衝功能本月專題-臺灣土壤陳列館教學現場-有「紙」萬事足─創意紙機械教學活動教學現場-利用長尾夾製作多面體科學話題-前進科摩多島系列之一─獨特的島嶼生態森棚教官的數學題-正直三角形科展指導來時路-讓偏鄉學子科學扎根? ?自信奪金科學讀書會-玩出創意3：77個奇趣科學玩具科教館GO好玩-食品包裝的神奇冠冕：封口機的故事,Adobe Flash Player,http://www.ntsec.gov.tw/User/Article.aspx?a=3026
第54卷第6期,2015國際土壤年(上),本月專題-「國際土壤年」緣起及我國相關活動規劃本月專題-地球之皮膚、萬物之母－土壤本月專題-臺灣之土壤資源本月專題-健康土壤與健康人生本月專題-土壤中之生物世界教學現場-有趣的科學童玩—羽球筒的回收再利用DIY科學話題-前進婆羅洲系列之三—雨林的生物多樣性科展指導來時路-「科」學探索，「展」現榮耀–你就是科教魔法師森棚教官的數學題-圓多大?科學讀書會-星際效應：電影幕後的科學事實、推測與想像科教館GO好玩-兒童益智探索館　量身打造fun科學,Adobe Flash Player,http://www.ntsec.gov.tw/User/Article.aspx?a=3018
第54卷第5期,氣候變遷與調適,本月專題：氣候變遷與調適本月專題：「氣候變遷與調適」是國安議題本月專題：全球與臺灣的氣候變遷本月專題：氣候變遷調適的挑戰與瓶頸本月專題：氣候變遷的因應、減緩與調適本月專題：氣候變遷與臺灣的永續發展本月專題：在教室裡談論氣候變遷的省思本月專題：國際架構下氣候變遷議題的發展教學現場-自製簡易風力發電機科學話題-前進婆羅洲系列之二—沒有路的國家公園科學讀書會-10種物質改變世界森棚教官的數學題-手機吊飾與紀念章科教館GO好玩-探索綠色大空間，喚醒每一顆驚奇之心,Adobe Flash Player,http://www.ntsec.gov.tw/User/Article.aspx?a=2998
第54卷第4期,數學課堂遊戲,本月專題：從玩數學、學數學到愛數學本月專題：「數字搶拼」造成的漣漪效應 本月專題：從摺紙學數學—從有理數到畢氏數本月專題：利用單位摺紙製作多面體本月專題：多明諾（Domino）骨牌遊戲本月專題：多明諾骨牌遊戲電子版本月專題：魔術方塊中的數學文化本月專題：十二個課堂遊戲探索問題科學話題-「前進婆羅洲」系列之一—背包客的生態旅遊科學讀書會-改變歷史的元素之王—碳：十一種碳化合物，帶你解構人類文明史科教館GO好玩-暑假到，科教館給孩子豐富有趣的科學夏令營,Adobe Flash Player,http://www.ntsec.gov.tw/User/Article.aspx?a=2989
第54卷第3期,大數據與科學教育,本月專題-巨量資料趨勢與數據驅動教學創新本月專題-適性揚才—巨量資料時代的智慧學本月專題-如何培育巨量資料科學家本月專題-巨量資料在教學上的運用策略本月專題-巨量資料衝擊下的校園環境林本月專題-二十一世紀臺灣教育面對巨量資料海嘯的策略性作法教學現場-行動學習新教具：分子撲克牌的開發教學現場-擲飛鏢的數學森棚教官的數學題-週休二日科學話題-詩詞中的木棉科學讀書會-如果這樣，會怎樣？：胡思亂想的搞怪趣問 正經認真的科學妙答科教館GO好玩-電子音樂鉛筆的神奇魔力,Adobe Flash Player,http://www.ntsec.gov.tw/User/Article.aspx?a=2966
第54卷第2期,程式設計學習風起,本月專題-擋不住的程式設計學習潮流本月專題-遊戲創作融入程式設計—Scratch教學經驗分享本月專題-小小程式設計師報到本月專題-適合初學者的電腦程式語言—Python本月專題-自造者運動風潮的主角—Arduino本月專題-讓程式展現樂趣—玩出實驗精神與創造力教學現場-SCAMPER在國小生活科技創作教學的應用科學話題-多彩多姿的桑蠶之路：家蠶及其多元利用科學話題-詩詞中的蛾科學讀書會-100件你不知道你不知道的事：日常生活裡的數學遊戲科教館GO好玩-發現‧聽見‧感動—不可思議的「聲音」工作坊森棚教官的數學題-三角數和四角,Adobe Flash Player,http://www.ntsec.gov.tw/User/Article.aspx?a=2932
第54卷第1期,設計、思考與科學教育,本月專題-自造世代與科學教育本月專題-美國紐岳瓦學校的創新自造課程本月專題-日本自造達人的轉變與自造工廠的現況本月專題-Maker運動在臺灣本月專題-科學實驗與科技實作的3D列印應用教學現場-簡易的電路設計—三切電路DIY教學現場-福建友人來訪的數學解題記事森棚教官的數學題-三角形中的格線科學話題-彗星撞地球—毀滅？還是創造？科學讀書會-國家地理：生活科學大揭密科教館GO好玩-科青必載—科教館行動導覽APP,Adobe Flash Player,http://www.ntsec.gov.tw/User/Article.aspx?a=2925
第53卷第12期,協作平台,本月專題-協作平台在科學教學之運用本月專題-網路讓我們同在一起學科學本月專題-協作平台在教育現場的應用─行動教育APP化學教室-氫能源及其簡易教具製作物理教室-救生浮沉子生物教室-文學與蜘蛛數學教室-香港行遇見人間數學科學讀書會-從輪子到諾貝爾：學校沒教的創新發明科教館GO 好玩-科教館最新數位學習教材—「前進！物理搜查線」,Adobe Flash Player,http://www.ntsec.gov.tw/User/Article.aspx?a=2918
第53卷第11期,認識原子核,本月專題-認識核能與核能發電本月專題-原子核與輻射能本月專題-催生慢中子本月專題-談慢中子的觸角數學教室-圓形的包裝問題地科教室-「太陽黑子」形成的新理論生物教室-文學與蟬科學讀書會-玩玩具，學科學：玩具背後的科學原理科教館GO 好玩-一場顛覆聽覺的遊戲饗宴：「生物律動－住在身體裡的音樂家」特展科展優良教師心得分享-見山又是山 做中學 新視野科展優良教師心得分享-窮理致知 開拓新局,Adobe Flash Player,http://www.ntsec.gov.tw/User/Article.aspx?a=2900
第53卷第10期,法拉第的故事,本月專題-法拉第的科學成就與貢獻 本月專題-與夢想靠近-法拉第的早年生活 本月專題-從兩個講座看法拉第與科普教育 數學教室-生活空間大小知多少 數學教室-數學題目中的資訊量 生活科技教室-逆風前行風力車活動設計與實施 地科教室-「神出鬼沒」的瘋狗浪 科學讀書會—益智化學續編 科教館GO好玩-穿越時空的學習步道—摩登原始人,Adobe Flash Player,http://www.ntsec.gov.tw/User/Article.aspx?a=2888
第53卷第9期,地殼、地景與人類,本月專題－地殼秘密檔案 本月專題－認識地殼中常見的岩石 本月專題－與火山共存 本月專題－ 輕鬆看懂臺灣十大地景 本月專題－野柳地質旅遊 數學教室估算的意義 生物教室－文學與蠶 科學讀書會－靈機一動：發明家的啟示 科教館GO 好玩－動手做 讓你成為聲音的製造家,Adobe Flash Player,http://www.ntsec.gov.tw/User/Article.aspx?a=2875
第53卷第8期,認識禽流感,本月專題-禽流感真的可怕嗎? 本月專題-人類禽流感預防方法及相關政策 本月專題-禽流感防疫行動 全民總動員 本月專題-新型流感H5N1疫苗的發展與挑戰 物理教室-壓強：壓力真強 地科教室-「雙眼牆颱風」的探討 生物教室-文學與蜻蜓 數學教室-「解構」魔術方塊 科學讀書會-改變世界的七種元素 科教館GO好玩-永續綠學習 科教館最優,Adobe Flash Player,http://www.ntsec.gov.tw/User/Article.aspx?a=2868
第53卷第7期,家庭農耕,本月專題-響應聯合國2014國際家庭農耕年 本月專題-家庭農耕及綠活生活 本月專題-都市農耕居家綠活園藝 本月專題-學習農業的科學?四健會的努力與成效 物理教室-利用光碟片做光柵物理實驗 數學教室-加與乘的遊戲 科學讀書會-太空人的地球生活指南：夢想、心態、怎麼按電梯、如何刷牙，以及怎麼穿著方形裝備走出圓形的門 科教館GO好玩-科學動手做 讓發想創意成為事實 科教館GO好玩-科展優良教師心得分享,Adobe Flash Player,http://www.ntsec.gov.tw/User/Article.aspx?a=2859
第53卷第6期,運動科技 ,本月專題－運動科技 本月專題-提升體能表現之運動科技 本月專題-加強心智能力之運動科技－提升壓力下專注的神經回饋訓練 本月專題-確保公平競爭之運動科技 物理教室-電流熱效應的迷思與澄清 地科教室-來自星星的夢-應用科技學天文 生物教室-臺灣水棲昆蟲與水質生物指標應用 生物教室-文學與荷 科學讀書會-假設思考 撼動世界的新力量  科教館GO好玩-科學學習中心 激發國中教師教學能量,Adobe Flash Player,http://www.ntsec.gov.tw/User/Article.aspx?a=2852
第53卷第5期,發光二極體(LED),本月專題－發光二極體(LED)－半導體與發光原理 本月專題－發光二極體(LED)－發光二極體之簡介與應用 本月專題－發光二極體（LED）－白光二極體的發展 本月專題－發光二極體（LED）－照明的未來 化學教室-製作並示範壓電塑膠管炮 生物教室-文學與鰈 數學教室-足球賽中的數學問題 數學教室-方塊積木的創意遊戲─猜猜看我是誰 科學讀書會-魚在水裡會不會被閃電打死 科教館GO 好玩-作科展激發未來的學習能力,Adobe Flash Player,http://www.ntsec.gov.tw/User/Article.aspx?a=2835
第53卷第4期,星空探索,本月專題-星空探索-宇宙中的行星知多少？ 本月專題-星空探索-克卜勒任務 —尋找可居住的行星 本月專題-星空探索-春季星座知多少？本月專題－星空探索-都市觀星趣－以彗星為例 物理教室-逆電流不逆 生物教室-海螺與海洋教育 生活科技教室-行動裝置的即時投影之介紹與應用 科學讀書會-改變科學的小運氣 科教館GO 好玩-我的創業夢 用科學來實現,Adobe Flash Player,http://www.ntsec.gov.tw/User/Article.aspx?a=2718
第53卷第3期,食品添加物,本月專題-「食」事難料「添」機不可洩露 本月專題-色、香的魔鬼（上）-色素 本月專題-色、香的魔鬼（下）-香精 本月專題-人工甜味料的下一步 生物教室-文學與蝶 生活科技教室-動手做節能減碳，做中學生活科技─提升照明效能實作 數學教室-用數學選擇省電燈具 科學讀書會-別輕易相信！你必須知道的科學偽新聞 科教館GO好玩-科學talk bar 講座精彩回顧 科教館GO好玩-科學研究路上不孤單,Adobe Flash Player,http://www.ntsec.gov.tw/User/Article.aspx?a=2657
第53卷第2期,真菌與人類,本月專題-危害農作物的主要兇手—真菌 本月專題-食用與藥用真菌 本月專題-真菌與人類疾病 生活科技教室-怎麼教學生最有創造力？ 地科教室-由「瘋狗浪」事件看我國的海象監測網 數學教室-趣味乘法與九九乘法表的秘密 科學讀書會-生活數學故事 科教館GO好玩-2014臺灣國際科展教師交流─各國科普教育的挑戰與機會分享 科教館GO好玩-漫漫長路～「心」的科展之路 科教館GO好玩-科展越做越有趣!,Adobe Flash Player,http://www.ntsec.gov.tw/User/Article.aspx?a=2551
第53卷第1期,傳播科技,本月專題-教學與學習資源無所不在 本月專題-網路世代的多螢傳播科技 本月專題-3D設計工具應用在機械玩偶的創意設計與製作 本月專題-數位遊戲在線上學習運用方式 生物教室-文學與蜂 化學教室-驗明正身-從遊戲中學習抽象化學概念 數學教室-基本幾何形板知多少？ 科學讀書會-時間的故事 科教館GO 好玩-「河川故事館」讓繪本喚起你對流域的好奇,Adobe Flash Player,http://www.ntsec.gov.tw/User/Article.aspx?a=2489
第52卷第12期,吳健雄─東方的居禮夫人,本月專題-吳健雄─東方的居禮夫人 本月專題－吳健雄的宇稱不守恒實驗 本月專題－吳健雄博士的物理實驗與迴旋加速器的關係 地科教室-簡介金瓜石的主要礦石 生物教室-文學與竹 生活科技教室-成為發明家的初體驗 胸懷宇宙 以科學探索未知─NASA太空任務科學家李傑信博士的科學路 科學讀書會-李伯伯最想告訴你的22個科學家故事 科教館GO好玩-科教館的環境教育課程─從「遊河日誌—從樹梅坑溪走來」特展談起 科教館GO好玩-科教館的環境教育課程─從「遊河日誌—從樹梅坑溪走來」特展談起 《科學研習》月刊第52 卷目錄彙編,Adobe Flash Player,http://www.ntsec.gov.tw/User/Article.aspx?a=2315
第52卷第11期 ,家庭化學實驗家庭,本月專題－家庭化學實驗  家庭化學實驗 家庭化學實驗：澱粉尋蹤記 家庭化學實驗：行動電化學蝕刻 家庭化學實驗：紫色魔法汁家庭化學實驗：奈米石墨烯的導電 地科教室超新星爆發 重元素旅程華麗的開始！ 數學教室女兒生日記事 科學讀書會環繞世界的小鴨艦隊 科教館GO 好玩...more ,Adobe Flash Player,http://www.ntsec.gov.tw/User/Article.aspx?a=2242
第52卷第10期 ,昆蟲解碼,本月專題－昆蟲解碼  跟隨昆蟲迷的腳步，解開昆蟲世界迷人的密碼昆蟲解碼序曲──無所不在的生命 昆蟲解碼主曲──千變萬化的形式 昆蟲解碼終曲──生生不息的永生 地科教室臺灣的地景 數學教室科學研究模擬遊戲 科學家...more,Adobe Flash Player,http://www.ntsec.gov.tw/User/Article.aspx?a=2153
第52卷第9期 ,地球之美,本月專題?地球之美  地球人，請微笑！從太空看地球彩虹的故事 我們一同看雲去 天外飛石？似曜岩類 生物教室寄居蟹的悲歌 數學教室數學素養：競標網站中的數學 我的科展路享受過程 期待成果 科學讀書會邁向圓滿：掌握幸福的科學方法& 練習計畫 ....more 更多 ,Adobe Flash Player,http://www.ntsec.gov.tw/User/Article.aspx?a=2013
第52卷第8期 ,化學展示  ,本月專題?化學展示  展示物質的化學世界 從碳簇、準晶到Zometool 的化學世界 以多媒體互動式展示驚奇化學實驗週期表新展示──親眼看到元素的感動 生物教室出沒於古典文學中的螃蟹 生活科技教室「動手做修復」─治療人形墓碑的方法 科學....more,Adobe Flash Player,http://www.ntsec.gov.tw/User/Article.aspx?a=1929
第52卷第7期 ,臺灣的真菌,本月專題?臺灣的真菌  台灣多孔菌類多樣性及其應用台灣特有國寶牛樟芝認識臺灣紅樹林海洋真菌台灣野生菇介紹 化學教室自製感溫和感光變色異形 生活科技教室平板族的異想世界?平板電腦教學應用實例 科學讀書會學校沒教的邏輯課:....more ,Adobe Flash Player,http://www.ntsec.gov.tw/User/Article.aspx?a=1839
第52卷第6期 ,建築科技,本月專題－建築科技：建築科技與節能減碳、建築的隔熱工程技術、未來城市所需的建築科技，物理教室?垂直面鞦韆陀螺，化學教室?自製磁性異形.......more,Adobe Flash Player,http://www.ntsec.gov.tw/User/Article.aspx?a=1728
第52卷第5期 ,探索奈米視界,本月主題—探索奈米視界；物理教室：應用教學概念圖；生物教室：寄生蟲的觀察；生活科技教室：引領學生動手做、做中學、解決問題；科學讀書會：銀河系大定位；科教館GO好玩：來科教館預約一個「科學的暑假」!....more,Adobe Flash Player,http://www.ntsec.gov.tw/User/Article.aspx?a=1663
第52卷第4期 ,太陽活動,本月主題—太陽活動；生活科技教室：(1)一起來發電；(2)雨傘套伸縮喇叭；科學家的科學路：追求卓越、全力扮演心中理想的科學教師?陳秋民；科教館GO好玩：開放吧!科學??科普與新傳媒論壇......more,Adobe Flash Player,http://www.ntsec.gov.tw/User/Article.aspx?a=1573
第52卷第3期 ,動手做幾何,本月主題—動手做幾何;化學教室:「看見」氣體的性質—利用生活物品DIY組裝實驗裝置;科學家的科學路:追求卓越、貢獻科教?專訪義守大學蕭介夫校長;科教館GO好玩:「擺」得有趣‧「擺」玩不厭......more ,Adobe Flash Player,http://www.ntsec.gov.tw/User/Article.aspx?a=1491
第52卷第2期 ,福祉科技,本期專題?福祉科技，一種改變世界的力量 / 數學教室?從乘法交換率談起 / 科學讀書會?學創意，現在就該懂的事 / 大師面對面?兩位中研院院士學習科學的經驗分享 / 「聽水的故事」特展視覺規劃設計觀點…more ,Adobe Flash Player,http://www.ntsec.gov.tw/User/Article.aspx?a=1409
第52卷第1期 ,認識奈米,本月專題?認識奈米(奈米現象介紹與奈米國家型科技人才培育計畫推廣概況、生物體表面的奈米現象、奈米球排排站─奈米微粒的自我組裝及應用、淺談奈米光觸媒)/數學教室?外婆的算術/生活科技教室?吹氣大學問等/科學家的科學路?平實中見深度的科學人李旺龍......more 更多 ,Adobe Flash Player,http://www.ntsec.gov.tw/User/Article.aspx?a=1362
第51卷第12期,視覺幾何－多面體面面觀,視覺幾何－多面體面面觀,PDF,http://www.ntsec.gov.tw/User/Article.aspx?a=1111
第51卷第11期,認識瘦肉精－用心面對‧食在安心,認識瘦肉精－用心面對‧食在安心,PDF,http://www.ntsec.gov.tw/User/Article.aspx?a=1112
第51卷第10期,擺的物理,擺的物理,PDF,http://www.ntsec.gov.tw/User/Article.aspx?a=1086
第51卷第9期,火星實驗室,火星實驗室,PDF,http://www.ntsec.gov.tw/User/Article.aspx?a=1043
第51卷第8期,神奇的化學反應,神奇的化學反應,PDF,http://www.ntsec.gov.tw/User/Article.aspx?a=1030
第51卷第7期,臺灣藻類,臺灣藻類,PDF,http://www.ntsec.gov.tw/User/Article.aspx?a=1032
第51卷第6期,能源科技實作活動,能源科技實作活動,PDF,http://www.ntsec.gov.tw/User/Article.aspx?a=1031
第51卷第5期,數學魔術,數學魔術,PDF,http://www.ntsec.gov.tw/User/Article.aspx?a=997
第51卷第4期,數位地球,數位地球,PDF,http://www.ntsec.gov.tw/User/Article.aspx?a=996
第51卷第3期,化學驚奇秀,化學驚奇秀,PDF,http://www.ntsec.gov.tw/User/Article.aspx?a=971
第51卷第2期,生活中的物理(下),生活中的物理(下),PDF,http://www.ntsec.gov.tw/User/Article.aspx?a=955
第51卷第1期,電子書,電子書,PDF,http://www.ntsec.gov.tw/User/Article.aspx?a=954
第50卷第12期,遺傳機制,遺傳機制,PDF,http://www.ntsec.gov.tw/User/Article.aspx?a=866
第50卷第11期,生活中的物理（上）,生活中的物理（上）,PDF,http://www.ntsec.gov.tw/User/Article.aspx?a=837
第50卷第10期,生活中的幾何問題（下）,生活中的幾何問題（下）,PDF,http://www.ntsec.gov.tw/User/Article.aspx?a=820
第50卷第9期,從起雲劑、塑化劑談健康生活,從起雲劑、塑化劑談健康生活,PDF,http://www.ntsec.gov.tw/User/Article.aspx?a=819
第50卷第8期,遙控模型,遙控模型,PDF,http://www.ntsec.gov.tw/User/Article.aspx?a=775
第50卷第7期,十大美麗的化學實驗（下）,十大美麗的化學實驗（下）,PDF,http://www.ntsec.gov.tw/User/Article.aspx?a=773
第50卷第6期,大氣科學(下)東山飄雨西山晴,大氣科學(下)東山飄雨西山晴,PDF,http://www.ntsec.gov.tw/User/Article.aspx?a=493
第50卷第5期,生活中的幾何問題,生活中的幾何問題,PDF,http://www.ntsec.gov.tw/User/Article.aspx?a=494
第50卷第4期,大氣科學(上)風從哪裡來,大氣科學(上)風從哪裡來,PDF,http://www.ntsec.gov.tw/User/Article.aspx?a=495
第50卷第3期,認識超級細菌,認識超級細菌,PDF,http://www.ntsec.gov.tw/User/Article.aspx?a=496
第50卷第2期,臺灣常見小動物,臺灣常見小動物,PDF,http://www.ntsec.gov.tw/User/Article.aspx?a=497
第50卷第1期,十大美麗的化學實驗（一）,十大美麗的化學實驗（一）,PDF,http://www.ntsec.gov.tw/User/Article.aspx?a=498
第49卷第8期,生活中的數學,生活中的數學,PDF,http://www.ntsec.gov.tw/User/Article.aspx?a=502
